country_name,poverty_line,PIP_Region,changepoorpop,changeHC,ISO_A3
Albania,2.15,ECA,-22677.0659898805,-0.00689997754170811,ALB
Albania,3.65,ECA,-314784.467678955,-0.0949890369924347,ALB
Albania,6.85,ECA,-1383183.64391119,-0.409056920960068,ALB
Algeria,2.15,MNA,-1188636.05156303,-0.0486227605600548,DZA
Algeria,3.65,MNA,-4670916.35218282,-0.199547897123009,DZA
Algeria,6.85,MNA,-2583467.88203271,-0.310807032424273,DZA
Angola,2.15,SSA,10660605.738957,0.189127164189395,AGO
Angola,3.65,SSA,16917422.6289842,0.268756919894615,AGO
Angola,6.85,SSA,22047124.7548172,0.22936559413513,AGO
Armenia,2.15,ECA,-94479.5450140234,-0.0251057669363002,ARM
Armenia,3.65,ECA,-319866.186952924,-0.0717773801223254,ARM
Armenia,6.85,ECA,-232498.399834785,0.038799244403125,ARM
Australia,2.15,OHI,-3951.48518752301,-0.00288590420457979,AUS
Australia,3.65,OHI,16990.1762391632,-0.00294636849532746,AUS
Australia,6.85,OHI,-46493.1701152772,-0.00798020028635363,AUS
Austria,2.15,OHI,49097.0689794872,0.00534182081102686,AUT
Austria,3.65,OHI,48240.4444278419,0.00511206697062504,AUT
Austria,6.85,OHI,43882.1767567531,0.00431901931268304,AUT
Azerbaijan,2.15,ECA,-81054.4230989274,-0.0112964688230192,AZE
Azerbaijan,3.65,ECA,-300456.327571913,-0.0418742791241935,AZE
Azerbaijan,6.85,ECA,-1502997.23648307,-0.210137146325277,AZE
Bangladesh,2.15,SAS,-35335943.6245995,-0.369688960766107,BGD
Bangladesh,3.65,SAS,-33166362.9866137,-0.520602567631428,BGD
Bangladesh,6.85,SAS,29280688.3822327,-0.214685542195507,BGD
Belarus,2.15,ECA,-12832.8320459473,-0.00125943603515625,BLR
Belarus,3.65,ECA,-561372.271786295,-0.055082316446521,BLR
Belarus,6.85,ECA,-4955242.36124421,-0.484529119272862,BLR
Belgium,2.15,OHI,-63660.3052394413,-0.00651993906047968,BEL
Belgium,3.65,OHI,-70592.2543560312,-0.00730115554841436,BEL
Belgium,6.85,OHI,-70674.8723625375,-0.00746066107653062,BEL
Belize,2.15,LAC,42390.7527540057,-0.006690904021844,BLZ
Belize,3.65,LAC,80238.9775568652,-0.0390373943999005,BLZ
Belize,6.85,LAC,144391.673162083,-0.0251711581853423,BLZ
Benin,2.15,SSA,-954273.51969272,-0.471638395915628,BEN
Benin,3.65,SSA,2112223.85336906,-0.384905640507604,BEN
Benin,6.85,SSA,5984141.93078776,-0.158695344692363,BEN
Bhutan,2.15,SAS,-186742.835540837,-0.354094732729578,BTN
Bhutan,3.65,SAS,-294238.402234637,-0.581377939910577,BTN
Bhutan,6.85,SAS,-223886.648744513,-0.570283744415259,BTN
Bolivia,2.15,LAC,-891787.74462078,-0.146215016224591,BOL
Bolivia,3.65,LAC,-1199159.39740083,-0.22012047235825,BOL
Bolivia,6.85,LAC,-1406391.75468099,-0.336566004026539,BOL
Bosnia and Herzegovina,2.15,ECA,-251441.022345003,-0.0561711506725792,BIH
Bosnia and Herzegovina,3.65,ECA,-1273743.96254347,-0.284706797924275,BIH
Bosnia and Herzegovina,6.85,ECA,-3374786.65314678,-0.748760155965373,BIH
Botswana,2.15,SSA,-69383.631531978,-0.194655161141992,BWA
Botswana,3.65,SSA,232794.7150032,-0.188489144156232,BWA
Botswana,6.85,SSA,621729.008260958,-0.158583411082978,BWA
Brazil,2.15,LAC,-24365210.0648339,-0.187052408985845,BRA
Brazil,3.65,LAC,-39287681.5080634,-0.310563252303946,BRA
Brazil,6.85,LAC,-39556191.7573739,-0.379979032118113,BRA
Bulgaria,2.15,ECA,46566.1642522287,0.007086390619282,BGR
Bulgaria,3.65,ECA,151076.611314716,0.0226707003891185,BGR
Bulgaria,6.85,ECA,386866.867050353,0.0586436704652616,BGR
Burkina Faso,2.15,SSA,-476139.807311829,-0.527003448745389,BFA
Burkina Faso,3.65,SSA,5296450.07619755,-0.333479645879732,BFA
Burkina Faso,6.85,SSA,9711323.54330297,-0.169256301566112,BFA
Burundi,2.15,SSA,5444764.49639008,-0.0158912803782481,BDI
Burundi,3.65,SSA,6593945.92704541,-0.0275440766462601,BDI
Burundi,6.85,SSA,7220025.44004185,-0.0111239999517632,BDI
Cabo Verde,2.15,SSA,-177748.80118575,-0.551719949173527,CPV
Cabo Verde,3.65,SSA,-173533.130423418,-0.632832905250888,CPV
Cabo Verde,6.85,SSA,-32880.7937820124,-0.449384212903196,CPV
Cameroon,2.15,SSA,2101927.16881968,-0.129715392274742,CMR
Cameroon,3.65,SSA,4307113.06381163,-0.230639721467076,CMR
Cameroon,6.85,SSA,9810204.06238468,-0.14791224100694,CMR
Canada,2.15,OHI,34493.7381276874,0.00028556122695573,CAN
Canada,3.65,OHI,130772.768753033,0.00278928546650218,CAN
Canada,6.85,OHI,64183.5646149132,-0.00057787781520302,CAN
Central African Republic,2.15,SSA,1581753.97066221,-0.109851501168949,CAF
Central African Republic,3.65,SSA,2202349.66784083,-0.0488036004711527,CAF
Central African Republic,6.85,SSA,2580548.62144977,-0.013992048482656,CAF
Chad,2.15,SSA,2353483.08266649,-0.285846765331654,TCD
Chad,3.65,SSA,6865088.54735595,-0.183112973579532,TCD
Chad,6.85,SSA,10331599.4711701,-0.0586797537784243,TCD
Chile,2.15,LAC,-1305800.26964472,-0.101051715860776,CHL
Chile,3.65,LAC,-3485918.57693424,-0.268648795082849,CHL
Chile,6.85,LAC,-6246963.28731164,-0.49950649874796,CHL
China,2.15,EAP,-815637299.053087,-0.718733854141798,CHN
China,3.65,EAP,-1026206578.12547,-0.908654725833214,CHN
China,6.85,EAP,-832602888.01681,-0.785732203362728,CHN
Colombia,2.15,LAC,-773904.90564243,-0.0506646523246601,COL
Colombia,3.65,LAC,-1421797.4664483,-0.114042624797779,COL
Colombia,6.85,LAC,-1250510.85029142,-0.220871592995405,COL
Comoros,2.15,SSA,106523.901747843,0.063084629086719,COM
Comoros,3.65,SSA,199344.202995701,0.0729877431837938,COM
Comoros,6.85,SSA,310658.962474017,0.0435291916925177,COM
"Congo, Dem. Rep.",2.15,SSA,38368736.8633614,-0.020779419047909,COD
"Congo, Dem. Rep.",3.65,SSA,52733297.8670081,-0.0158971293663754,COD
"Congo, Dem. Rep.",6.85,SSA,61413268.4151231,-0.00251777367434747,COD
"Congo, Rep.",2.15,SSA,2187978.21590154,0.0913645765011351,COG
"Congo, Rep.",3.65,SSA,2949070.51581321,0.0755898645669586,COG
"Congo, Rep.",6.85,SSA,3471495.90637571,0.0476672463022719,COG
Costa Rica,2.15,LAC,-272078.327536033,-0.0938166978439532,CRI
Costa Rica,3.65,LAC,-485755.198361009,-0.176553732435306,CRI
Costa Rica,6.85,LAC,-783038.307475476,-0.332736031636383,CRI
Cote d'Ivoire,2.15,SSA,471462.01094673,-0.0888491413838202,CIV
Cote d'Ivoire,3.65,SSA,4368992.51713076,-0.11968817909138,CIV
Cote d'Ivoire,6.85,SSA,10864506.2490964,-0.0750749590472529,CIV
Croatia,2.15,ECA,9461.43378396867,0.00261705917917727,HRV
Croatia,3.65,ECA,26871.6192069843,0.00734490648810195,HRV
Croatia,6.85,ECA,147016.768338144,0.0389675265067366,HRV
Cyprus,2.15,OHI,782.89488076231,4.82740041954899e-05,CYP
Cyprus,3.65,OHI,732.484295828552,-0.00045220668933255,CYP
Cyprus,6.85,OHI,-7663.92545651226,-0.012150267818622,CYP
Czech Republic,2.15,ECA,0,0,CZE
Czech Republic,3.65,ECA,0,0,CZE
Czech Republic,6.85,ECA,-22864.2756403681,-0.00225507326749313,CZE
Denmark,2.15,OHI,-10676.1565837575,-0.00243922235058362,DNK
Denmark,3.65,OHI,-18658.1913036843,-0.0041137118070541,DNK
Denmark,6.85,OHI,-41153.687677473,-0.00856813532116076,DNK
Djibouti,2.15,MNA,116671.440655854,0.056261346511946,DJI
Djibouti,3.65,MNA,242696.740276327,0.0696268439614126,DJI
Djibouti,6.85,MNA,426789.539401491,0.0633816992510013,DJI
Dominican Republic,2.15,LAC,-1167920.609239,-0.167759075896692,DOM
Dominican Republic,3.65,LAC,-2323958.56514558,-0.342957840416089,DOM
Dominican Republic,6.85,LAC,-2788846.03650486,-0.488677695635705,DOM
Ecuador,2.15,LAC,-1163884.44432634,-0.143620039928989,ECU
Ecuador,3.65,LAC,-1782334.15397418,-0.256464094434162,ECU
Ecuador,6.85,LAC,-1097492.39611385,-0.348435955398525,ECU
"Egypt, Arab Rep.",2.15,MNA,-1119506.97506028,-0.0372798947165973,EGY
"Egypt, Arab Rep.",3.65,MNA,-576166.445158329,-0.175159892480495,EGY
"Egypt, Arab Rep.",6.85,MNA,30971059.3034854,-0.112455475022012,EGY
El Salvador,2.15,LAC,-890629.723220411,-0.171641937629362,SLV
El Salvador,3.65,LAC,-1318630.57829897,-0.262444774874302,SLV
El Salvador,6.85,LAC,-1249270.00110086,-0.292796297967635,SLV
Estonia,2.15,ECA,-3260.10562529317,-0.00135495892042582,EST
Estonia,3.65,ECA,-25152.8513813963,-0.0147655964662293,EST
Estonia,6.85,ECA,-214765.538721751,-0.134820385999369,EST
Eswatini,2.15,SSA,-323387.13775763,-0.540599675086206,SWZ
Eswatini,3.65,SSA,-111410.380432388,-0.389987967173941,SWZ
Eswatini,6.85,SSA,112426.997714117,-0.216742691978807,SWZ
Ethiopia,2.15,SSA,-12271620.5834585,-0.491340171432252,ETH
Ethiopia,3.65,SSA,14325159.7713086,-0.412062588577225,ETH
Ethiopia,6.85,SSA,58785360.6716065,-0.112724280935135,ETH
Fiji,2.15,EAP,-11798.7253747671,-0.0212580672526468,FJI
Fiji,3.65,EAP,-2227.58936066506,-0.0443246352974645,FJI
Fiji,6.85,EAP,130324.814198988,0.0206644202835652,FJI
Finland,2.15,OHI,2151.42859509745,0.000388292295548243,FIN
Finland,3.65,OHI,5539.08057747342,0.000999699603117165,FIN
Finland,6.85,OHI,-3344.82466869898,-0.000849499294112167,FIN
France,2.15,OHI,-447521.374413405,-0.00770788507468981,FRA
France,3.65,OHI,-561922.644613572,-0.00972844179218406,FRA
France,6.85,OHI,-868586.857062469,-0.0150598532882653,FRA
Gabon,2.15,SSA,29759.9794974738,-0.008099038636079,GAB
Gabon,3.65,SSA,56298.3931264719,-0.0703465231456921,GAB
Gabon,6.85,SSA,321046.822831924,-0.147733904263739,GAB
"Gambia, The",2.15,SSA,-412612.300521287,-0.618876749991047,GMB
"Gambia, The",3.65,SSA,211267.8627788,-0.486798521639771,GMB
"Gambia, The",6.85,SSA,1166877.16604108,-0.191112391418825,GMB
Georgia,2.15,ECA,144759.76925279,0.0386604927785979,GEO
Georgia,3.65,ECA,572563.451621635,0.153268964267702,GEO
Georgia,6.85,ECA,1431215.35982165,0.404724195458843,GEO
Germany,2.15,OHI,0,0,DEU
Germany,3.65,OHI,208196.69428128,0.00249726623907975,DEU
Germany,6.85,OHI,49933.4304438999,0.000504854948338463,DEU
Ghana,2.15,SSA,-3176179.38205268,-0.480856717218315,GHA
Ghana,3.65,SSA,767826.118320093,-0.479174643044001,GHA
Ghana,6.85,SSA,9982845.64565413,-0.249101530223855,GHA
Greece,2.15,OHI,-106447.215470752,-0.0105649939483949,GRC
Greece,3.65,OHI,-101312.266293868,-0.0101617804271092,GRC
Greece,6.85,OHI,-236051.048519472,-0.0238152290541111,GRC
Guatemala,2.15,LAC,-2088079.84679182,-0.289613040378612,GTM
Guatemala,3.65,LAC,-1321200.44955913,-0.336496817734573,GTM
Guatemala,6.85,LAC,1466840.52588281,-0.287637308566238,GTM
Guinea,2.15,SSA,-3717005.21519866,-0.743817085081692,GIN
Guinea,3.65,SSA,172013.076496246,-0.512333439102787,GIN
Guinea,6.85,SSA,5582522.4497192,-0.138856636812013,GIN
Guinea-Bissau,2.15,SSA,-12290.006153063,-0.240176386590192,GNB
Guinea-Bissau,3.65,SSA,527382.293968795,-0.089611997714481,GNB
Guyana,2.15,LAC,-247519.734571781,-0.335701816384522,GUY
Guyana,3.65,LAC,-449663.758564057,-0.608444522399227,GUY
Guyana,6.85,LAC,-609153.257300903,-0.825801328241668,GUY
Haiti,2.15,LAC,-2167320.33077971,-0.491605148927755,HTI
Haiti,3.65,LAC,366260.111054397,-0.314634897626698,HTI
Haiti,6.85,LAC,3113717.98439469,-0.106677176250956,HTI
Honduras,2.15,LAC,-710409.19573945,-0.2885923869018,HND
Honduras,3.65,LAC,-285256.851163951,-0.354411832163739,HND
Honduras,6.85,LAC,1183557.26857688,-0.31998376222859,HND
Hungary,2.15,ECA,-50383.0219793372,-0.00474606013102985,HUN
Hungary,3.65,ECA,-100655.838793458,-0.00942668616447595,HUN
Hungary,6.85,ECA,-1522725.99476223,-0.14595344461667,HUN
Iceland,2.15,OHI,-96.0511324344918,-0.000376928305724266,ISL
Iceland,3.65,OHI,-397.339645402227,-0.00164231584997237,ISL
Iceland,6.85,OHI,-1415.68633734749,-0.00574575807427574,ISL
India,2.15,SAS,-312889778.474068,-0.409161833486132,IND
India,3.65,SAS,-153194948.073901,-0.426823039818967,IND
India,6.85,SAS,310606484.882028,-0.15134741134498,IND
Indonesia,2.15,EAP,-103494857.979292,-0.589965238176977,IDN
Indonesia,3.65,EAP,-95918791.3982631,-0.648878025187091,IDN
Indonesia,6.85,EAP,-10190228.4122713,-0.370363614093376,IDN
"Iran, Islamic Rep.",2.15,MNA,-4011366.32796701,-0.0759439865413681,IRN
"Iran, Islamic Rep.",3.65,MNA,-9415218.78503524,-0.196321244743883,IRN
"Iran, Islamic Rep.",6.85,MNA,-9777913.581201,-0.311680104911764,IRN
Iraq,2.15,MNA,15950.044332805,0.000137986898107873,IRQ
Iraq,3.65,MNA,391206.846722659,-0.00504329992515357,IRQ
Iraq,6.85,MNA,4646613.8584493,-0.0644196821341066,IRQ
Ireland,2.15,OHI,-17068.6408966966,-0.00487420222868619,IRL
Ireland,3.65,OHI,-31081.2308587384,-0.00926895313861754,IRL
Ireland,6.85,OHI,-113847.861296774,-0.0328339981484998,IRL
Israel,2.15,OHI,10967.5729942351,0.00013779838046505,ISR
Israel,3.65,OHI,64491.9549569066,0.00450536790749723,ISR
Israel,6.85,OHI,-68060.1267027129,-0.0380609883467548,ISR
Italy,2.15,OHI,790306.308864955,0.0133378839966102,ITA
Italy,3.65,OHI,1110740.13241879,0.01872430049415,ITA
Italy,6.85,OHI,1283792.08042562,0.0213538682251725,ITA
Jamaica,2.15,LAC,-33799.3228893899,-0.0161056053016171,JAM
Jamaica,3.65,LAC,-186670.210618101,-0.0898923834738392,JAM
Jamaica,6.85,LAC,-329362.649413056,-0.187761197720694,JAM
Japan,2.15,OHI,309750.288209554,0.00248062279529839,JPN
Japan,3.65,OHI,-45319.4498899141,-0.000403215769835191,JPN
Japan,6.85,OHI,-1910859.71659631,-0.0155308054332985,JPN
Jordan,2.15,MNA,-13758.1714739055,-0.0045298605173637,JOR
Jordan,3.65,MNA,-164826.085341244,-0.0505864420736095,JOR
Jordan,6.85,MNA,-598826.895287053,-0.257226535180172,JOR
Kazakhstan,2.15,ECA,-778317.788298882,-0.047637605953251,KAZ
Kazakhstan,3.65,ECA,-3396747.37084926,-0.208474347595406,KAZ
Kazakhstan,6.85,ECA,-7489431.50540399,-0.480153586555437,KAZ
Kenya,2.15,SSA,6682019.86205962,-0.012462596290085,KEN
Kenya,3.65,SSA,17477515.1658354,0.0648213153224271,KEN
Kenya,6.85,SSA,26944768.1267863,0.0903447998574944,KEN
Kiribati,2.15,EAP,-7540.58521613386,-0.12035083765221,KIR
Kiribati,3.65,EAP,-207.625579405907,-0.165864006507587,KIR
Kiribati,6.85,EAP,35793.5896809704,-0.071037115929534,KIR
"Korea, Rep.",2.15,OHI,-203804.26913036,-0.00522712095088489,KOR
"Korea, Rep.",3.65,OHI,-952546.407129184,-0.0226928233280118,KOR
"Korea, Rep.",6.85,OHI,-3876439.36984398,-0.0925070281570459,KOR
Kyrgyz Republic,2.15,ECA,-406795.539663731,-0.0977851140169648,KGZ
Kyrgyz Republic,3.65,ECA,-210149.837178888,-0.121907500261711,KGZ
Kyrgyz Republic,6.85,ECA,2128146.0183084,0.139394121006772,KGZ
Lao PDR,2.15,EAP,-653535.367919151,-0.204280554657612,LAO
Lao PDR,3.65,EAP,-443376.645757764,-0.343955451317673,LAO
Lao PDR,6.85,EAP,1356390.27898672,-0.214726134203481,LAO
Latvia,2.15,ECA,4424.92128891278,0.00239100796904051,LVA
Latvia,3.65,ECA,13268.8075380825,0.00716980540257589,LVA
Latvia,6.85,ECA,-50524.0661282734,-0.0112356628432985,LVA
Lesotho,2.15,SSA,-92391.285104994,-0.178749684080955,LSO
Lesotho,3.65,SSA,131455.629146046,-0.127131212075132,LSO
Lesotho,6.85,SSA,450318.337313614,-0.0301579348679252,LSO
Liberia,2.15,SSA,1415981.0600913,0.190186572494946,LBR
Liberia,3.65,SSA,2736706.47332643,0.298462990566972,LBR
Liberia,6.85,SSA,3264593.0090704,0.156944663941775,LBR
Lithuania,2.15,ECA,14617.1915160852,0.00531523606476424,LTU
Lithuania,3.65,ECA,-290497.459837048,-0.0769328242624756,LTU
Lithuania,6.85,ECA,-1501914.11412161,-0.402174254568718,LTU
Luxembourg,2.15,OHI,655.289050699009,0.00101187471058326,LUX
Luxembourg,3.65,OHI,780.382291811775,0.00120503937129578,LUX
Luxembourg,6.85,OHI,1516.29695307853,0.00218017398467942,LUX
Madagascar,2.15,SSA,16539528.5900829,0.171920281168602,MDG
Madagascar,3.65,SSA,17435103.689282,0.0681264640445649,MDG
Madagascar,6.85,SSA,17919922.6261793,0.0202793134302707,MDG
Malawi,2.15,SSA,7886827.22546052,0.020013523224873,MWI
Malawi,3.65,SSA,9959287.02932474,0.0173380403532635,MWI
Malawi,6.85,SSA,10860282.9373131,0.0170621570223717,MWI
Malaysia,2.15,EAP,-371319.292127394,-0.0206561463548414,MYS
Malaysia,3.65,EAP,-2341964.25323943,-0.130991295766965,MYS
Malaysia,6.85,EAP,-6018139.1369201,-0.355653244006042,MYS
Maldives,2.15,SAS,-45574.7451090846,-0.204225440645838,MDV
Maldives,3.65,SAS,-130505.049780677,-0.585062934156943,MDV
Maldives,6.85,SAS,-189207.59278541,-0.864792233223954,MDV
Mali,2.15,SSA,-3270787.37259779,-0.680475847787138,MLI
Mali,3.65,SSA,3650351.00915479,-0.425773143368552,MLI
Mali,6.85,SSA,10370567.7558752,-0.155963698903407,MLI
Malta,2.15,OHI,-649.76876328385,-0.00337550492387075,MLT
Malta,3.65,OHI,-561.849256062042,-0.00383170938818672,MLT
Malta,6.85,OHI,-12743.1322978433,-0.0394306721176581,MLT
Marshall Islands,2.15,EAP,-536.901853486222,-0.0103298084824056,MHL
Marshall Islands,3.65,EAP,-2371.91507802117,-0.0430244800190766,MHL
Marshall Islands,6.85,EAP,-7720.34676155192,-0.126300055034772,MHL
Mauritania,2.15,SSA,-632647.038632337,-0.38084292106472,MRT
Mauritania,3.65,SSA,-391828.947820735,-0.485345481107986,MRT
Mauritania,6.85,SSA,1077974.39198947,-0.29148855130375,MRT
Mauritius,2.15,SSA,-37586.6022757589,-0.0357849636180676,MUS
Mauritius,3.65,SSA,-198105.228027684,-0.191169969367589,MUS
Mauritius,6.85,SSA,-499014.964980271,-0.501731307533551,MUS
Mexico,2.15,LAC,-3088884.62470017,-0.0525608912502693,MEX
Mexico,3.65,LAC,-5473197.37209895,-0.117567210989182,MEX
Mexico,6.85,LAC,-737577.32522092,-0.17961825223716,MEX
"Micronesia, Fed. Sts.",2.15,EAP,7601.2939784579,0.045839452601948,FSM
"Micronesia, Fed. Sts.",3.65,EAP,16071.7257629698,0.0855783896535445,FSM
"Micronesia, Fed. Sts.",6.85,EAP,21558.8899550172,0.0819543212438009,FSM
Moldova,2.15,ECA,-38325.0611113196,-0.012907985529378,MDA
Moldova,3.65,ECA,-106535.983168035,-0.0361616474085568,MDA
Moldova,6.85,ECA,-197925.28648341,-0.077946122147046,MDA
Mongolia,2.15,EAP,-164485.772802099,-0.0792234684663985,MNG
Mongolia,3.65,EAP,-427942.61922317,-0.233415822358778,MNG
Mongolia,6.85,EAP,-224719.54805228,-0.313984199704264,MNG
Montenegro,2.15,ECA,13421.3633639498,0.0213274466699363,MNE
Montenegro,3.65,ECA,32850.7207059691,0.0522039797121202,MNE
Montenegro,6.85,ECA,65644.7752298779,0.102382273863413,MNE
Morocco,2.15,MNA,-1309129.40168799,-0.0578905039251873,MAR
Morocco,3.65,MNA,-4189766.93976582,-0.20860610248793,MAR
Morocco,6.85,MNA,-2166323.66651762,-0.276981138944698,MAR
Mozambique,2.15,SSA,10197998.4284245,-0.205041609954909,MOZ
Mozambique,3.65,SSA,15232773.3316785,-0.101585637937226,MOZ
Mozambique,6.85,SSA,18131532.6226483,-0.0418300105505828,MOZ
Myanmar,2.15,EAP,-38268249.7054143,-0.932517099998227,MMR
Myanmar,3.65,EAP,-29722431.2857302,-0.78277441679403,MMR
Myanmar,6.85,EAP,-3675136.42297518,-0.303966756701639,MMR
Namibia,2.15,SSA,-282099.958536802,-0.352008209648289,NAM
Namibia,3.65,SSA,-11609.0538237353,-0.307170677704464,NAM
Namibia,6.85,SSA,433397.720932704,-0.1898327897964,NAM
Nepal,2.15,SAS,-11242728.1180763,-0.611951334494272,NPL
Nepal,3.65,SAS,-9571816.65794473,-0.649833083041535,NPL
Nepal,6.85,SAS,1948442.9698838,-0.307107954123051,NPL
Netherlands,2.15,OHI,-125633.836239938,-0.00857002085245743,NLD
Netherlands,2.15,OHI,-125633.836239938,-0.00857002085245743,NLD
Netherlands,2.15,OHI,-125633.836239938,-0.00857002085245743,NLD
Netherlands,2.15,OHI,-125633.836239938,-0.00857002085245743,NLD
Netherlands,2.15,OHI,-125633.836239938,-0.00857002085245743,NLD
Netherlands,2.15,OHI,-125633.836239938,-0.00857002085245743,NLD
Netherlands,2.15,OHI,-125633.836239938,-0.00857002085245743,NLD
Netherlands,2.15,OHI,-125633.836239938,-0.00857002085245743,NLD
Netherlands,2.15,OHI,-125633.836239938,-0.00857002085245743,NLD
Netherlands,2.15,OHI,-125633.836239938,-0.00857002085245743,NLD
Netherlands,2.15,OHI,-125633.836239938,-0.00857002085245743,NLD
Netherlands,2.15,OHI,-125633.836239938,-0.00857002085245743,NLD
Netherlands,2.15,OHI,-125633.836239938,-0.00857002085245743,NLD
Netherlands,2.15,OHI,-125633.836239938,-0.00857002085245743,NLD
Netherlands,2.15,OHI,-125633.836239938,-0.00857002085245743,NLD
Netherlands,2.15,OHI,-125633.836239938,-0.00857002085245743,NLD
Netherlands,3.65,OHI,-201530.025067664,-0.0136665607261353,NLD
Netherlands,3.65,OHI,-201530.025067664,-0.0136665607261353,NLD
Netherlands,3.65,OHI,-201530.025067664,-0.0136665607261353,NLD
Netherlands,3.65,OHI,-201530.025067664,-0.0136665607261353,NLD
Netherlands,3.65,OHI,-201530.025067664,-0.0136665607261353,NLD
Netherlands,3.65,OHI,-201530.025067664,-0.0136665607261353,NLD
Netherlands,3.65,OHI,-201530.025067664,-0.0136665607261353,NLD
Netherlands,3.65,OHI,-201530.025067664,-0.0136665607261353,NLD
Netherlands,3.65,OHI,-201530.025067664,-0.0136665607261353,NLD
Netherlands,3.65,OHI,-201530.025067664,-0.0136665607261353,NLD
Netherlands,3.65,OHI,-201530.025067664,-0.0136665607261353,NLD
Netherlands,3.65,OHI,-201530.025067664,-0.0136665607261353,NLD
Netherlands,3.65,OHI,-201530.025067664,-0.0136665607261353,NLD
Netherlands,3.65,OHI,-201530.025067664,-0.0136665607261353,NLD
Netherlands,3.65,OHI,-201530.025067664,-0.0136665607261353,NLD
Netherlands,3.65,OHI,-201530.025067664,-0.0136665607261353,NLD
Netherlands,6.85,OHI,-192839.664320193,-0.013575769794459,NLD
Netherlands,6.85,OHI,-192839.664320193,-0.013575769794459,NLD
Netherlands,6.85,OHI,-192839.664320193,-0.013575769794459,NLD
Netherlands,6.85,OHI,-192839.664320193,-0.013575769794459,NLD
Netherlands,6.85,OHI,-192839.664320193,-0.013575769794459,NLD
Netherlands,6.85,OHI,-192839.664320193,-0.013575769794459,NLD
Netherlands,6.85,OHI,-192839.664320193,-0.013575769794459,NLD
Netherlands,6.85,OHI,-192839.664320193,-0.013575769794459,NLD
Netherlands,6.85,OHI,-192839.664320193,-0.013575769794459,NLD
Netherlands,6.85,OHI,-192839.664320193,-0.013575769794459,NLD
Netherlands,6.85,OHI,-192839.664320193,-0.013575769794459,NLD
Netherlands,6.85,OHI,-192839.664320193,-0.013575769794459,NLD
Netherlands,6.85,OHI,-192839.664320193,-0.013575769794459,NLD
Netherlands,6.85,OHI,-192839.664320193,-0.013575769794459,NLD
Netherlands,6.85,OHI,-192839.664320193,-0.013575769794459,NLD
Netherlands,6.85,OHI,-192839.664320193,-0.013575769794459,NLD
Nicaragua,2.15,LAC,-1241029.94852422,-0.311708526591152,NIC
Nicaragua,3.65,LAC,-1747048.98155422,-0.487147894063435,NIC
Nicaragua,6.85,LAC,-965707.153034204,-0.470896206803118,NIC
Niger,2.15,SSA,6420160.59232447,-0.319211235006382,NER
Niger,3.65,SSA,13474990.5792444,-0.143690248561635,NER
Niger,6.85,SSA,16909186.5726356,-0.0404111365337984,NER
Nigeria,2.15,SSA,22838281.6538491,-0.173487652035039,NGA
Nigeria,3.65,SSA,72004610.391495,-0.0797070608003846,NGA
Nigeria,6.85,SSA,111701294.644309,-0.00813016682996237,NGA
North Macedonia,2.15,ECA,27112.5091908062,0.0119887655465715,MKD
North Macedonia,3.65,ECA,-99189.750271534,-0.0529262615178547,MKD
North Macedonia,6.85,ECA,-542958.50356037,-0.281564421132204,MKD
Norway,2.15,OHI,-9696.7557568304,-0.00272640303993277,NOR
Norway,3.65,OHI,-5288.55051522308,-0.0019152240786669,NOR
Norway,6.85,OHI,-6360.89912279703,-0.00265346772290177,NOR
Pakistan,2.15,SAS,-60854015.3468757,-0.617243212869771,PAK
Pakistan,3.65,SAS,-7184270.82059269,-0.519602260445877,PAK
Pakistan,6.85,SAS,91550448.100037,-0.14460335040311,PAK
Panama,2.15,LAC,-531625.683689174,-0.223359678037277,PAN
Panama,3.65,LAC,-676335.626443598,-0.304193908865663,PAN
Panama,6.85,LAC,-799104.428731958,-0.421061121380782,PAN
Papua New Guinea,2.15,EAP,-70918.7976825601,-0.37354326024709,PNG
Papua New Guinea,3.65,EAP,1652660.28949583,-0.304113993591171,PNG
Papua New Guinea,6.85,EAP,4085029.45317294,-0.123323854595504,PNG
Paraguay,2.15,LAC,19721.3533896749,-0.001576697823522,PRY
Paraguay,3.65,LAC,155865.44432091,0.00539855454068744,PRY
Paraguay,6.85,LAC,422414.97612563,-0.0198042401799708,PRY
Peru,2.15,LAC,-1971804.07915135,-0.105082249820308,PER
Peru,3.65,LAC,-3574652.73043363,-0.213211357815378,PER
Peru,6.85,LAC,-3471537.75874223,-0.311889767844832,PER
Philippines,2.15,EAP,-5090950.2626385,-0.163642166860771,PHL
Philippines,3.65,EAP,8492850.94015457,-0.178751781630413,PHL
Philippines,6.85,EAP,33891096.6238648,-0.0869702849443351,PHL
Poland,2.15,ECA,-57304.5905220444,-0.00150363197800676,POL
Poland,3.65,ECA,-165575.562537557,-0.00436445940738573,POL
Poland,6.85,ECA,-850100.747872217,-0.0231776782249872,POL
Portugal,2.15,OHI,-97572.7647193411,-0.00981652961128736,PRT
Portugal,3.65,OHI,-190657.576259389,-0.0191695553151443,PRT
Portugal,6.85,OHI,-689291.308626569,-0.0694521498285544,PRT
Romania,2.15,ECA,352446.416180738,0.0184845850250657,ROU
Romania,3.65,ECA,695065.153083124,0.0367848021208699,ROU
Romania,6.85,ECA,764761.413622759,0.0494019086972853,ROU
Russian Federation,2.15,ECA,-165040.791590246,-0.00110876912804592,RUS
Russian Federation,3.65,ECA,-9855515.91045629,-0.0665456805124819,RUS
Russian Federation,6.85,ECA,-26893102.9058267,-0.180818816502346,RUS
Rwanda,2.15,SSA,437249.129755571,-0.308777327192294,RWA
Rwanda,3.65,SSA,3397551.23814239,-0.169333812752035,RWA
Rwanda,6.85,SSA,5382430.65618575,-0.0598808993184118,RWA
Samoa,2.15,EAP,-9913.13373311516,-0.0656339836595998,WSM
Samoa,3.65,EAP,-18353.6823385438,-0.151556596727616,WSM
Samoa,6.85,EAP,-7589.3793012769,-0.206740265615305,WSM
Sao Tome and Principe,2.15,SSA,12251.7242190467,-0.034000808604673,STP
Sao Tome and Principe,3.65,SSA,39316.9268409373,-0.0699274926360623,STP
Sao Tome and Principe,6.85,SSA,78232.726145079,-0.0629045982260166,STP
Senegal,2.15,SSA,-4006958.60916554,-0.626079430713235,SEN
Senegal,3.65,SSA,-610285.87599472,-0.519366540145299,SEN
Senegal,6.85,SSA,5195610.5613442,-0.237667285919043,SEN
Serbia,2.15,ECA,-844.800545518165,-0.000111363109084915,SRB
Serbia,3.65,ECA,41406.1918485365,0.00591559616152391,SRB
Serbia,6.85,ECA,361477.894692456,0.0517290271495975,SRB
Seychelles,2.15,SSA,-794.883465602255,-0.0135974045230883,SYC
Seychelles,3.65,SSA,-2608.01949014838,-0.042770979509905,SYC
Seychelles,6.85,SSA,-10766.9772081874,-0.185179462287463,SYC
Sierra Leone,2.15,SSA,-709670.51802156,-0.414525832426244,SLE
Sierra Leone,3.65,SSA,1937559.61478682,-0.177346105209279,SLE
Sierra Leone,6.85,SSA,3658276.38109261,-0.042056898187757,SLE
Slovak Republic,2.15,ECA,6665.8357284275,0.00118116261948624,SVK
Slovak Republic,3.65,ECA,29387.5911715475,0.00520737767667198,SVK
Slovak Republic,6.85,ECA,72187.8045072872,0.0123375544943872,SVK
Slovenia,2.15,ECA,-565.61713170166,-0.00028306884765625,SVN
Slovenia,3.65,ECA,-722.684286570693,-0.000371173904909601,SVN
Slovenia,6.85,ECA,-3144.32181404817,-0.00161862475193939,SVN
Solomon Islands,2.15,EAP,76986.421999087,-0.160709422228516,SLB
Solomon Islands,3.65,EAP,251678.897672973,-0.0602330656587996,SLB
Solomon Islands,6.85,EAP,373880.737270954,0.00481422353491745,SLB
South Africa,2.15,SSA,1974982.9619015,-0.083375830747993,ZAF
South Africa,3.65,SSA,6911748.70766204,-0.0730988281357261,ZAF
South Africa,6.85,SSA,12413688.8180627,-0.0569483648036444,ZAF
Spain,2.15,OHI,185854.626690111,0.00300434424835451,ESP
Spain,3.65,OHI,291943.158306576,0.00483748808304638,ESP
Spain,6.85,OHI,190804.357406229,-0.0014586818933029,ESP
Sri Lanka,2.15,SAS,-2021237.23812549,-0.120187939358888,LKA
Sri Lanka,3.65,SAS,-6016670.19239299,-0.384083333940321,LKA
Sri Lanka,6.85,SAS,-3651630.09685146,-0.349165020704198,LKA
St. Lucia,2.15,LAC,-45429.9665414508,-0.347961400357183,LCA
St. Lucia,3.65,LAC,-72870.475561413,-0.566130581712488,LCA
St. Lucia,6.85,LAC,-76921.3972070924,-0.638918024223453,LCA
Sudan,2.15,SSA,3992129.64799226,-0.154297107393036,SDN
Sudan,3.65,SSA,14846072.9753708,-0.104015785036329,SDN
Sudan,6.85,SSA,23864132.1589441,-0.0307991965526432,SDN
Sweden,2.15,OHI,12454.8770600323,0.00071908572978059,SWE
Sweden,3.65,OHI,24868.0882114408,0.00189576625336262,SWE
Sweden,6.85,OHI,12895.7279763734,-0.000471369097910391,SWE
Switzerland,2.15,OHI,-33270.6836609365,-0.00504627787345855,CHE
Switzerland,3.65,OHI,-44910.1314312014,-0.00680685258406508,CHE
Switzerland,6.85,OHI,-60693.9135681615,-0.00952327766324992,CHE
Syrian Arab Republic,2.15,MNA,13906641.6351056,0.608328680858523,SYR
Syrian Arab Republic,3.65,MNA,15968824.083659,0.603736492292417,SYR
Syrian Arab Republic,6.85,MNA,12760568.8057129,0.270776957110311,SYR
Tajikistan,2.15,ECA,102423.990259382,-0.0050076105947981,TJK
Tajikistan,3.65,ECA,523678.53536507,-0.0232754566433913,TJK
Tajikistan,6.85,ECA,1828835.02420558,-0.0938950972391487,TJK
Tanzania,2.15,SSA,9545137.5202969,-0.270174752036248,TZA
Tanzania,3.65,SSA,24585430.8234309,-0.167635995477838,TZA
Tanzania,6.85,SSA,35022577.264258,-0.0691389950603225,TZA
Thailand,2.15,EAP,-6909190.84906729,-0.122432986948476,THA
Thailand,3.65,EAP,-22753545.2850352,-0.404013784532457,THA
Thailand,6.85,EAP,-31097458.2355952,-0.586929736690153,THA
Togo,2.15,SSA,219312.22813388,-0.287628190361535,TGO
Togo,3.65,SSA,1907671.03195033,-0.227335768936817,TGO
Togo,6.85,SSA,3786583.81397458,-0.104167288604968,TGO
Tonga,2.15,EAP,-3628.39482291791,-0.0394924322519923,TON
Tonga,3.65,EAP,-9926.27899486,-0.114965952405404,TON
Tonga,6.85,EAP,-11995.2147195143,-0.169270013872538,TON
Trinidad and Tobago,2.15,LAC,-14520.7468290893,-0.0125207275390625,TTO
Trinidad and Tobago,3.65,LAC,-94880.5549159635,-0.0801719967664938,TTO
Trinidad and Tobago,6.85,LAC,-240033.9646229,-0.213444584915669,TTO
Tunisia,2.15,MNA,-682287.045883627,-0.0836939870033125,TUN
Tunisia,3.65,MNA,-1900548.66652422,-0.243318502931616,TUN
Tunisia,6.85,MNA,-2542865.42996186,-0.406145254432903,TUN
Turkiye,2.15,ECA,-1086415.45351828,-0.0210218609091626,TUR
Turkiye,3.65,ECA,-5599513.92393784,-0.112373709938703,TUR
Turkiye,6.85,ECA,-13962446.7844013,-0.317519585944684,TUR
Turkmenistan,2.15,ECA,-404925.858674142,-0.117661609498681,TKM
Turkmenistan,3.65,ECA,-937714.092348285,-0.304089709762533,TKM
Turkmenistan,6.85,ECA,-656130.419525066,-0.406002638522427,TKM
Tuvalu,2.15,EAP,-769.143052032665,-0.0870846685365714,TUV
Tuvalu,3.65,EAP,-1664.78586491858,-0.211082444822852,TUV
Tuvalu,6.85,EAP,-2077.10390826126,-0.330566263173355,TUV
Uganda,2.15,SSA,7285691.725105,-0.234133603111152,UGA
Uganda,3.65,SSA,17876920.9910831,-0.150873774839199,UGA
Uganda,6.85,SSA,25805952.6247278,-0.0574595203716447,UGA
United Arab Emirates,2.15,OHI,0,0,ARE
United Arab Emirates,3.65,OHI,0,0,ARE
United Arab Emirates,6.85,OHI,30149.0980360878,0.00319337846523311,ARE
United Kingdom,2.15,OHI,5673.452921233,-0.00043514603128315,GBR
United Kingdom,3.65,OHI,-52861.6691702833,-0.00176506936013505,GBR
United Kingdom,6.85,OHI,-240166.921437008,-0.00597659736967513,GBR
United States,2.15,OHI,2133706.59218924,0.00499863191544268,USA
United States,3.65,OHI,1509921.40638402,0.00249972281730181,USA
United States,6.85,OHI,2300018.70970077,0.00300413318991064,USA
Uruguay,2.15,LAC,-59868.2096486665,-0.0193524300591834,URY
Uruguay,3.65,LAC,-336218.471887811,-0.108636152292441,URY
Uruguay,6.85,LAC,-949702.466598126,-0.310145423111597,URY
Uzbekistan,2.15,ECA,-561259.319893928,-0.208366489706297,UZB
Uzbekistan,3.65,ECA,7479465.40593023,-0.0805850953252507,UZB
Uzbekistan,6.85,ECA,12297722.6301926,-0.022254038720399,UZB
Vanuatu,2.15,EAP,15259.6865183875,-0.051801825259801,VUT
Vanuatu,3.65,EAP,59748.2705056623,-0.076065147712756,VUT
Vanuatu,6.85,EAP,143516.758667179,-0.0100312317434457,VUT
Vietnam,2.15,EAP,-36904263.2831947,-0.545768895149934,VNM
Vietnam,3.65,EAP,-51687857.6749156,-0.77769103827584,VNM
Vietnam,6.85,EAP,-48188726.7948738,-0.786292468128346,VNM
West Bank and Gaza,2.15,MNA,16304.113389158,-0.00756082955124943,PSE
West Bank and Gaza,3.65,MNA,129553.377172392,-0.0195457833537322,PSE
West Bank and Gaza,6.85,MNA,803954.744802771,-0.0689392760870455,PSE
"Yemen, Rep.",2.15,MNA,20298272.0502399,0.527415742875213,YEM
"Yemen, Rep.",3.65,MNA,25016495.1461494,0.504888900503359,YEM
"Yemen, Rep.",6.85,MNA,23976884.5641553,0.221677415090687,YEM
Zambia,2.15,SSA,7721449.93415973,0.045777554061642,ZMB
Zambia,3.65,SSA,9753748.99082264,0.0574110471526173,ZMB
Zambia,6.85,SSA,11100004.3537195,0.0273463570082088,ZMB
Zimbabwe,2.15,SSA,5434714.30438591,0.290956126371158,ZWE
Zimbabwe,3.65,SSA,7113867.95705307,0.312933391821233,ZWE
Zimbabwe,6.85,SSA,6971803.13972872,0.186239396210092,ZWE
